{
  "textures": {
    "particle": "minecraftbyexample:blocks/mbe06d/mbe06d_coloured_lamp_top",
    "bottom": "blocks/obsidian",
    "top": "minecraftbyexample:blocks/mbe06d/mbe06d_coloured_lamp_top",
    "side_none": "minecraftbyexample:blocks/mbe06d/mbe06d_coloured_lamp_side_none",
    "side_red": "minecraftbyexample:blocks/mbe06d/mbe06d_coloured_lamp_side_red",
    "side_green": "minecraftbyexample:blocks/mbe06d/mbe06d_coloured_lamp_side_green",
    "side_blue": "minecraftbyexample:blocks/mbe06d/mbe06d_coloured_lamp_side_blue",
    "overlay_side": "minecraftbyexample:blocks/mbe06d/mbe06d_coloured_lamp_overlay_side",
    "overlay_top": "minecraftbyexample:blocks/mbe06d/mbe06d_coloured_lamp_overlay_top"
  },
  "elements": [
    {   "from": [ 0, 0, 0 ],
      "to": [ 16, 16, 16 ],
      "faces": {
        "down":  { "uv": [ 0, 0, 16, 16 ], "texture": "#bottom",  "cullface": "down" },
        "up":    { "uv": [ 0, 0, 16, 16 ], "texture": "#top",     "cullface": "up", "tintindex": 0 },
        "north": { "uv": [ 0, 0, 16, 16 ], "texture": "#side_none",  "cullface": "north" },
        "south": { "uv": [ 0, 0, 16, 16 ], "texture": "#side_green", "cullface": "south" },
        "west":  { "uv": [ 0, 0, 16, 16 ], "texture": "#side_red",   "cullface": "west" },
        "east":  { "uv": [ 0, 0, 16, 16 ], "texture": "#side_blue",  "cullface": "east" }
      }
    },
    {   "from": [ 0, 0, 0 ],
      "to": [ 16, 16, 16 ],
      "faces": {
        "up":    { "uv": [ 0, 0, 16, 16 ], "texture": "#overlay_top", "tintindex": 0, "cullface": "up" },
        "north": { "uv": [ 0, 0, 16, 16 ], "texture": "#overlay_side", "tintindex": 0, "cullface": "north" },
        "south": { "uv": [ 0, 0, 16, 16 ], "texture": "#overlay_side", "tintindex": 0, "cullface": "south" },
        "west":  { "uv": [ 0, 0, 16, 16 ], "texture": "#overlay_side", "tintindex": 0, "cullface": "west" },
        "east":  { "uv": [ 0, 0, 16, 16 ], "texture": "#overlay_side", "tintindex": 0, "cullface": "east" }
      }
    }
  ]
}
