{
  "parent": "builtin/generated",
  "textures": {
    "layer0": "minecraftbyexample:items/mbe12_item_nbt_animate_0"
  },
  "overrides": [
    { "predicate": { "chargefraction": 0.000 }, "model": "minecraftbyexample:item/mbe12_item_nbt_animate_0" },
    { "predicate": { "chargefraction": 0.001 }, "model": "minecraftbyexample:item/mbe12_item_nbt_animate_1" },
    { "predicate": { "chargefraction": 0.200 }, "model": "minecraftbyexample:item/mbe12_item_nbt_animate_2" },
    { "predicate": { "chargefraction": 0.400 }, "model": "minecraftbyexample:item/mbe12_item_nbt_animate_3" },
    { "predicate": { "chargefraction": 0.600 }, "model": "minecraftbyexample:item/mbe12_item_nbt_animate_4" },
    { "predicate": { "chargefraction": 0.800 }, "model": "minecraftbyexample:item/mbe12_item_nbt_animate_5" }
  ]
}

