{
    "parent": "builtin/generated",
    "textures": {
        "layer0": "minecraftbyexample:items/mbe11_item_variants_layer0",
        "layer1": "minecraftbyexample:items/mbe11_item_variants_layer1_25pc"
    },
  "display": {
    "thirdperson_righthand": {
      "rotation": [ 0, 0, 0 ],
      "translation": [ 0.00, 2.50, 1.00 ],
      "scale": [ 0.45, 0.45, 0.45 ]
    },
    "thirdperson_lefthand": {
      "rotation": [ 0, 0, 0 ],
      "translation": [ 0.00, 2.50, 1.00 ],
      "scale": [ 0.45, 0.45, 0.45 ]
    },
    "firstperson_righthand": {
      "rotation": [ 0, -90, 0 ],
      "translation": [ -0.50, 4.75, 1.25 ],
      "scale": [ 0.60, 0.60, 0.60 ]
    },
    "firstperson_lefthand": {
      "rotation": [ 0, 90, 0 ],
      "translation": [ -0.50, 4.75, 1.25 ],
      "scale": [ 0.60, 0.60, 0.60 ]
    },
    "gui": {
      "rotation": [ 0, 0, 0 ],
      "translation": [ 0.00, 0.00, 0.00 ],
      "scale": [ 1.00, 1.00, 1.00 ]
    },
    "head": {
      "rotation": [ 0, 0, 0 ],
      "translation": [ 0.00, 0.00, 0.00 ],
      "scale": [ 1.00, 1.00, 1.00 ]
    },
    "fixed": {
      "rotation": [ 0, 0, 0 ],
      "translation": [ 0.00, 0.00, 0.00 ],
      "scale": [ 1.00, 1.00, 1.00 ]
    },
    "ground": {
      "rotation": [ 0, 0, 0 ],
      "translation": [ 0.00, 2.75, 0.00 ],
      "scale": [ 0.60, 0.60, 0.60 ]
    }
  }
}
