{
  "parent": "builtin/generated",
  "textures": {
    "layer0": "minecraftbyexample:items/mbe12_item_nbt_animate_3"
  },
  "display": {
    "thirdperson_righthand": {
      "rotation": [ 0, 0, 0 ],
      "translation": [ 0.00, 3.00, 1.00 ],
      "scale": [ 0.59, 0.59, 0.59 ]
    },
    "thirdperson_lefthand": {
      "rotation": [ 0, 0, 0 ],
      "translation": [ 0.00, 3.00, 1.00 ],
      "scale": [ 0.59, 0.59, 0.59 ]
    },
    "firstperson_righthand": {
      "rotation": [ -25, -90, 0 ],
      "translation": [ 1.13, 3.20, 1.13 ],
      "scale": [ 0.59, 0.59, 0.59 ]
    },
    "firstperson_lefthand": {
      "rotation": [ -25, -90, 0 ],
      "translation": [ 1.13, 3.20, 1.13 ],
      "scale": [ 0.59, 0.59, 0.59 ]
    },
    "gui": {
      "rotation": [ 0, 0, 0 ],
      "translation": [ 0.00, 0.00, 0.00 ],
      "scale": [ 1.00, 1.00, 1.00 ]
    },
    "head": {
      "rotation": [ -180, -0, -180 ],
      "translation": [ -0.00, 13.00, 7.00 ],
      "scale": [ 1.00, 1.00, 1.00 ]
    },
    "fixed": {
      "rotation": [ 0, 0, 0 ],
      "translation": [ 0.00, 0.00, 0.00 ],
      "scale": [ 1.00, 1.00, 1.00 ]
    },
    "ground": {
      "rotation": [ 0, 0, 0 ],
      "translation": [ 0.00, 2.00, 0.00 ],
      "scale": [ 0.50, 0.50, 0.50 ]
    }
  }
}
